--
-- PostgreSQL database dump
--

-- Dumped from database version 11.5
-- Dumped by pg_dump version 11.5

SET statement_timeout = 0;
SET lock_timeout = 0;
SET idle_in_transaction_session_timeout = 0;
SET client_encoding = 'UTF8';
SET standard_conforming_strings = on;
SELECT pg_catalog.set_config('search_path', '', false);
SET check_function_bodies = false;
SET xmloption = content;
SET client_min_messages = warning;
SET row_security = off;

SET default_tablespace = '';

SET default_with_oids = false;

--
-- Name: category; Type: TABLE; Schema: public; Owner: fatimakahbi
--

CREATE TABLE public.category (
    cat_id integer NOT NULL,
    category character varying(50),
    coefficient real
);


ALTER TABLE public.category OWNER TO fatimakahbi;

--
-- Name: category_cat_id_seq; Type: SEQUENCE; Schema: public; Owner: fatimakahbi
--

CREATE SEQUENCE public.category_cat_id_seq
    AS integer
    START WITH 1
    INCREMENT BY 1
    NO MINVALUE
    NO MAXVALUE
    CACHE 1;


ALTER TABLE public.category_cat_id_seq OWNER TO fatimakahbi;

--
-- Name: category_cat_id_seq; Type: SEQUENCE OWNED BY; Schema: public; Owner: fatimakahbi
--

ALTER SEQUENCE public.category_cat_id_seq OWNED BY public.category.cat_id;


--
-- Name: cost; Type: TABLE; Schema: public; Owner: fatimakahbi
--

CREATE TABLE public.cost (
    cost_id integer NOT NULL,
    stamp timestamp without time zone,
    value real,
    ctype character varying(30)
);


ALTER TABLE public.cost OWNER TO fatimakahbi;

--
-- Name: cost_cost_id_seq; Type: SEQUENCE; Schema: public; Owner: fatimakahbi
--

CREATE SEQUENCE public.cost_cost_id_seq
    AS integer
    START WITH 1
    INCREMENT BY 1
    NO MINVALUE
    NO MAXVALUE
    CACHE 1;


ALTER TABLE public.cost_cost_id_seq OWNER TO fatimakahbi;

--
-- Name: cost_cost_id_seq; Type: SEQUENCE OWNED BY; Schema: public; Owner: fatimakahbi
--

ALTER SEQUENCE public.cost_cost_id_seq OWNED BY public.cost.cost_id;


--
-- Name: employee; Type: TABLE; Schema: public; Owner: fatimakahbi
--

CREATE TABLE public.employee (
    emp_id integer NOT NULL,
    role_id integer
);


ALTER TABLE public.employee OWNER TO fatimakahbi;

--
-- Name: employee_emp_id_seq; Type: SEQUENCE; Schema: public; Owner: fatimakahbi
--

CREATE SEQUENCE public.employee_emp_id_seq
    AS integer
    START WITH 1
    INCREMENT BY 1
    NO MINVALUE
    NO MAXVALUE
    CACHE 1;


ALTER TABLE public.employee_emp_id_seq OWNER TO fatimakahbi;

--
-- Name: employee_emp_id_seq; Type: SEQUENCE OWNED BY; Schema: public; Owner: fatimakahbi
--

ALTER SEQUENCE public.employee_emp_id_seq OWNED BY public.employee.emp_id;


--
-- Name: inventory; Type: TABLE; Schema: public; Owner: fatimakahbi
--

CREATE TABLE public.inventory (
    grp_id integer NOT NULL,
    shelved_stock integer,
    back_stock integer,
    cart_stock integer,
    exp_date timestamp without time zone NOT NULL
);


ALTER TABLE public.inventory OWNER TO fatimakahbi;

--
-- Name: inventory_grp_id_seq; Type: SEQUENCE; Schema: public; Owner: fatimakahbi
--

CREATE SEQUENCE public.inventory_grp_id_seq
    AS integer
    START WITH 1
    INCREMENT BY 1
    NO MINVALUE
    NO MAXVALUE
    CACHE 1;


ALTER TABLE public.inventory_grp_id_seq OWNER TO fatimakahbi;

--
-- Name: inventory_grp_id_seq; Type: SEQUENCE OWNED BY; Schema: public; Owner: fatimakahbi
--

ALTER SEQUENCE public.inventory_grp_id_seq OWNED BY public.inventory.grp_id;


--
-- Name: price; Type: TABLE; Schema: public; Owner: fatimakahbi
--

CREATE TABLE public.price (
    grp_id integer NOT NULL,
    price real,
    start_date timestamp without time zone,
    end_date timestamp without time zone,
    qty_max integer
);


ALTER TABLE public.price OWNER TO fatimakahbi;

--
-- Name: price_grp_id_seq; Type: SEQUENCE; Schema: public; Owner: fatimakahbi
--

CREATE SEQUENCE public.price_grp_id_seq
    AS integer
    START WITH 1
    INCREMENT BY 1
    NO MINVALUE
    NO MAXVALUE
    CACHE 1;


ALTER TABLE public.price_grp_id_seq OWNER TO fatimakahbi;

--
-- Name: price_grp_id_seq; Type: SEQUENCE OWNED BY; Schema: public; Owner: fatimakahbi
--

ALTER SEQUENCE public.price_grp_id_seq OWNED BY public.price.grp_id;


--
-- Name: product; Type: TABLE; Schema: public; Owner: fatimakahbi
--

CREATE TABLE public.product (
    grp_id integer NOT NULL,
    brand character varying(200),
    name character varying(600),
    lot_price real,
    lot_size integer,
    category integer
);


ALTER TABLE public.product OWNER TO fatimakahbi;

--
-- Name: product_grp_id_seq; Type: SEQUENCE; Schema: public; Owner: fatimakahbi
--

CREATE SEQUENCE public.product_grp_id_seq
    AS integer
    START WITH 1
    INCREMENT BY 1
    NO MINVALUE
    NO MAXVALUE
    CACHE 1;


ALTER TABLE public.product_grp_id_seq OWNER TO fatimakahbi;

--
-- Name: product_grp_id_seq; Type: SEQUENCE OWNED BY; Schema: public; Owner: fatimakahbi
--

ALTER SEQUENCE public.product_grp_id_seq OWNED BY public.product.grp_id;


--
-- Name: revenue; Type: TABLE; Schema: public; Owner: fatimakahbi
--

CREATE TABLE public.revenue (
    rev_id integer NOT NULL,
    stamp timestamp without time zone,
    value real
);


ALTER TABLE public.revenue OWNER TO fatimakahbi;

--
-- Name: revenue_rev_id_seq; Type: SEQUENCE; Schema: public; Owner: fatimakahbi
--

CREATE SEQUENCE public.revenue_rev_id_seq
    AS integer
    START WITH 1
    INCREMENT BY 1
    NO MINVALUE
    NO MAXVALUE
    CACHE 1;


ALTER TABLE public.revenue_rev_id_seq OWNER TO fatimakahbi;

--
-- Name: revenue_rev_id_seq; Type: SEQUENCE OWNED BY; Schema: public; Owner: fatimakahbi
--

ALTER SEQUENCE public.revenue_rev_id_seq OWNED BY public.revenue.rev_id;


--
-- Name: role; Type: TABLE; Schema: public; Owner: fatimakahbi
--

CREATE TABLE public.role (
    role_id integer NOT NULL,
    role character varying(100),
    hr_salary real,
    max_hrs integer
);


ALTER TABLE public.role OWNER TO fatimakahbi;

--
-- Name: role_role_id_seq; Type: SEQUENCE; Schema: public; Owner: fatimakahbi
--

CREATE SEQUENCE public.role_role_id_seq
    AS integer
    START WITH 1
    INCREMENT BY 1
    NO MINVALUE
    NO MAXVALUE
    CACHE 1;


ALTER TABLE public.role_role_id_seq OWNER TO fatimakahbi;

--
-- Name: role_role_id_seq; Type: SEQUENCE OWNED BY; Schema: public; Owner: fatimakahbi
--

ALTER SEQUENCE public.role_role_id_seq OWNED BY public.role.role_id;


--
-- Name: category cat_id; Type: DEFAULT; Schema: public; Owner: fatimakahbi
--

ALTER TABLE ONLY public.category ALTER COLUMN cat_id SET DEFAULT nextval('public.category_cat_id_seq'::regclass);


--
-- Name: cost cost_id; Type: DEFAULT; Schema: public; Owner: fatimakahbi
--

ALTER TABLE ONLY public.cost ALTER COLUMN cost_id SET DEFAULT nextval('public.cost_cost_id_seq'::regclass);


--
-- Name: employee emp_id; Type: DEFAULT; Schema: public; Owner: fatimakahbi
--

ALTER TABLE ONLY public.employee ALTER COLUMN emp_id SET DEFAULT nextval('public.employee_emp_id_seq'::regclass);


--
-- Name: inventory grp_id; Type: DEFAULT; Schema: public; Owner: fatimakahbi
--

ALTER TABLE ONLY public.inventory ALTER COLUMN grp_id SET DEFAULT nextval('public.inventory_grp_id_seq'::regclass);


--
-- Name: price grp_id; Type: DEFAULT; Schema: public; Owner: fatimakahbi
--

ALTER TABLE ONLY public.price ALTER COLUMN grp_id SET DEFAULT nextval('public.price_grp_id_seq'::regclass);


--
-- Name: product grp_id; Type: DEFAULT; Schema: public; Owner: fatimakahbi
--

ALTER TABLE ONLY public.product ALTER COLUMN grp_id SET DEFAULT nextval('public.product_grp_id_seq'::regclass);


--
-- Name: revenue rev_id; Type: DEFAULT; Schema: public; Owner: fatimakahbi
--

ALTER TABLE ONLY public.revenue ALTER COLUMN rev_id SET DEFAULT nextval('public.revenue_rev_id_seq'::regclass);


--
-- Name: role role_id; Type: DEFAULT; Schema: public; Owner: fatimakahbi
--

ALTER TABLE ONLY public.role ALTER COLUMN role_id SET DEFAULT nextval('public.role_role_id_seq'::regclass);


--
-- Data for Name: category; Type: TABLE DATA; Schema: public; Owner: fatimakahbi
--

COPY public.category (cat_id, category, coefficient) FROM stdin;
1	frozen	0.219999999
2	refrigerated	0.209999993
3	pantry	0.550000012
4	pet	0.0199999996
\.


--
-- Data for Name: cost; Type: TABLE DATA; Schema: public; Owner: fatimakahbi
--

COPY public.cost (cost_id, stamp, value, ctype) FROM stdin;
\.


--
-- Data for Name: employee; Type: TABLE DATA; Schema: public; Owner: fatimakahbi
--

COPY public.employee (emp_id, role_id) FROM stdin;
1	1
2	1
3	1
4	1
5	2
6	2
7	2
8	2
9	2
10	2
11	2
12	2
13	2
14	3
15	3
16	3
17	3
18	3
19	3
20	3
21	3
22	6
23	4
24	4
25	4
26	4
27	4
28	4
29	4
30	4
31	4
32	5
33	5
34	5
35	5
36	5
37	5
38	5
39	5
40	7
\.


--
-- Data for Name: inventory; Type: TABLE DATA; Schema: public; Owner: fatimakahbi
--

COPY public.inventory (grp_id, shelved_stock, back_stock, cart_stock, exp_date) FROM stdin;
1	400	800	0	2019-09-30 03:20:33
2	400	800	0	2019-09-30 03:20:33
3	400	800	0	2019-09-30 03:20:33
4	400	800	0	2019-09-30 03:20:33
5	400	800	0	2019-09-30 03:20:33
6	400	800	0	2019-09-30 03:20:33
7	400	800	0	2019-09-30 03:20:33
8	400	800	0	2019-09-30 03:20:33
9	400	800	0	2019-09-30 03:20:33
10	400	800	0	2019-09-30 03:20:33
11	400	800	0	2019-09-30 03:20:33
12	400	800	0	2019-09-30 03:20:33
13	400	800	0	2019-09-30 03:20:33
14	400	800	0	2019-09-30 03:20:33
15	400	800	0	2019-09-30 03:20:33
16	400	800	0	2019-09-30 03:20:33
17	400	800	0	2019-09-30 03:20:33
18	400	800	0	2019-09-30 03:20:33
19	400	800	0	2019-09-30 03:20:33
20	400	800	0	2019-09-30 03:20:33
\.


--
-- Data for Name: price; Type: TABLE DATA; Schema: public; Owner: fatimakahbi
--

COPY public.price (grp_id, price, start_date, end_date, qty_max) FROM stdin;
1	4.57000017	2019-09-23 03:20:33	\N	\N
2	17.7399998	2019-09-23 03:20:33	\N	\N
3	2.3499999	2019-09-23 03:20:33	\N	\N
4	0.349999994	2019-09-23 03:20:33	\N	\N
5	1.66999996	2019-09-23 03:20:33	\N	\N
6	4.92000008	2019-09-23 03:20:33	\N	\N
7	7.23999977	2019-09-23 03:20:33	\N	\N
8	3.79999995	2019-09-23 03:20:33	\N	\N
9	6.17999983	2019-09-23 03:20:33	\N	\N
10	11.2700005	2019-09-23 03:20:33	\N	\N
11	2.75	2019-09-23 03:20:33	\N	\N
12	9.73999977	2019-09-23 03:20:33	\N	\N
13	5.21999979	2019-09-23 03:20:33	\N	\N
14	3.76999998	2019-09-23 03:20:33	\N	\N
15	5.3499999	2019-09-23 03:20:33	\N	\N
16	3.99000001	2019-09-23 03:20:33	\N	\N
17	4.98999977	2019-09-23 03:20:33	\N	\N
18	5.98999977	2019-09-23 03:20:33	\N	\N
19	6.11999989	2019-09-23 03:20:33	\N	\N
20	4.19999981	2019-09-23 03:20:33	\N	\N
\.


--
-- Data for Name: product; Type: TABLE DATA; Schema: public; Owner: fatimakahbi
--

COPY public.product (grp_id, brand, name, lot_price, lot_size, category) FROM stdin;
1	Riceland	frozen_1	0	200	1
2	Caress	fridge_1	0	200	2
3	Earth's Best	frozen_2	0	200	1
4	Boar's Head	pantry_1	0	200	3
5	Back To Nature	pantry_2	0	200	3
6	Sally Hansen	fridge_2	0	200	2
7	Twinings Of London	frozen_3	0	200	1
8	Lea & Perrins	fridge_3	0	200	2
9	Van De Kamp's	pantry_4	0	200	3
10	Ahold	pantry_5	0	200	3
11	Honest Tea	pantry_6	0	200	3
12	Mueller	fridge_4	0	200	2
13	Garnier Nutritioniste	frozen_4	0	200	1
14	Pamprin	pantry_7	0	200	3
15	Suave	pet_1	0	200	4
16	Burt's Bees	fridge_5	0	200	2
17	Ducal	fridge_6	0	200	2
18	Scotch	frozen_5	0	200	1
19	Careone	pantry_8	0	200	3
20	Usda Produce	pantry_9	0	200	3
\.


--
-- Data for Name: revenue; Type: TABLE DATA; Schema: public; Owner: fatimakahbi
--

COPY public.revenue (rev_id, stamp, value) FROM stdin;
\.


--
-- Data for Name: role; Type: TABLE DATA; Schema: public; Owner: fatimakahbi
--

COPY public.role (role_id, role, hr_salary, max_hrs) FROM stdin;
1	manager	20	40
2	stocker_ft	11.5	20
3	stocker_pt	10.5	20
4	cashier_ft	9.5	20
5	cashier_pt	8.5	20
6	stocker_young	10.5	20
7	cashier_young	8.5	20
\.


--
-- Name: category_cat_id_seq; Type: SEQUENCE SET; Schema: public; Owner: fatimakahbi
--

SELECT pg_catalog.setval('public.category_cat_id_seq', 1, false);


--
-- Name: cost_cost_id_seq; Type: SEQUENCE SET; Schema: public; Owner: fatimakahbi
--

SELECT pg_catalog.setval('public.cost_cost_id_seq', 1, false);


--
-- Name: employee_emp_id_seq; Type: SEQUENCE SET; Schema: public; Owner: fatimakahbi
--

SELECT pg_catalog.setval('public.employee_emp_id_seq', 1, false);


--
-- Name: inventory_grp_id_seq; Type: SEQUENCE SET; Schema: public; Owner: fatimakahbi
--

SELECT pg_catalog.setval('public.inventory_grp_id_seq', 1, false);


--
-- Name: price_grp_id_seq; Type: SEQUENCE SET; Schema: public; Owner: fatimakahbi
--

SELECT pg_catalog.setval('public.price_grp_id_seq', 1, false);


--
-- Name: product_grp_id_seq; Type: SEQUENCE SET; Schema: public; Owner: fatimakahbi
--

SELECT pg_catalog.setval('public.product_grp_id_seq', 1, false);


--
-- Name: revenue_rev_id_seq; Type: SEQUENCE SET; Schema: public; Owner: fatimakahbi
--

SELECT pg_catalog.setval('public.revenue_rev_id_seq', 1, false);


--
-- Name: role_role_id_seq; Type: SEQUENCE SET; Schema: public; Owner: fatimakahbi
--

SELECT pg_catalog.setval('public.role_role_id_seq', 1, false);


--
-- Name: category pk_cat; Type: CONSTRAINT; Schema: public; Owner: fatimakahbi
--

ALTER TABLE ONLY public.category
    ADD CONSTRAINT pk_cat PRIMARY KEY (cat_id);


--
-- Name: cost pk_cost; Type: CONSTRAINT; Schema: public; Owner: fatimakahbi
--

ALTER TABLE ONLY public.cost
    ADD CONSTRAINT pk_cost PRIMARY KEY (cost_id);


--
-- Name: employee pk_emp; Type: CONSTRAINT; Schema: public; Owner: fatimakahbi
--

ALTER TABLE ONLY public.employee
    ADD CONSTRAINT pk_emp PRIMARY KEY (emp_id);


--
-- Name: inventory pk_inv; Type: CONSTRAINT; Schema: public; Owner: fatimakahbi
--

ALTER TABLE ONLY public.inventory
    ADD CONSTRAINT pk_inv PRIMARY KEY (grp_id, exp_date);


--
-- Name: price pk_price; Type: CONSTRAINT; Schema: public; Owner: fatimakahbi
--

ALTER TABLE ONLY public.price
    ADD CONSTRAINT pk_price PRIMARY KEY (grp_id);


--
-- Name: product pk_prod; Type: CONSTRAINT; Schema: public; Owner: fatimakahbi
--

ALTER TABLE ONLY public.product
    ADD CONSTRAINT pk_prod PRIMARY KEY (grp_id);


--
-- Name: revenue pk_revenue; Type: CONSTRAINT; Schema: public; Owner: fatimakahbi
--

ALTER TABLE ONLY public.revenue
    ADD CONSTRAINT pk_revenue PRIMARY KEY (rev_id);


--
-- Name: role pk_role; Type: CONSTRAINT; Schema: public; Owner: fatimakahbi
--

ALTER TABLE ONLY public.role
    ADD CONSTRAINT pk_role PRIMARY KEY (role_id);


--
-- Name: inventory fk1_inv; Type: FK CONSTRAINT; Schema: public; Owner: fatimakahbi
--

ALTER TABLE ONLY public.inventory
    ADD CONSTRAINT fk1_inv FOREIGN KEY (grp_id) REFERENCES public.product(grp_id);


--
-- Name: price fk1_price; Type: FK CONSTRAINT; Schema: public; Owner: fatimakahbi
--

ALTER TABLE ONLY public.price
    ADD CONSTRAINT fk1_price FOREIGN KEY (grp_id) REFERENCES public.product(grp_id);


--
-- Name: inventory fk2_inv; Type: FK CONSTRAINT; Schema: public; Owner: fatimakahbi
--

ALTER TABLE ONLY public.inventory
    ADD CONSTRAINT fk2_inv FOREIGN KEY (grp_id) REFERENCES public.price(grp_id);


--
-- Name: product fk2_prod; Type: FK CONSTRAINT; Schema: public; Owner: fatimakahbi
--

ALTER TABLE ONLY public.product
    ADD CONSTRAINT fk2_prod FOREIGN KEY (grp_id) REFERENCES public.price(grp_id);


--
-- Name: product fk3_prod; Type: FK CONSTRAINT; Schema: public; Owner: fatimakahbi
--

ALTER TABLE ONLY public.product
    ADD CONSTRAINT fk3_prod FOREIGN KEY (category) REFERENCES public.category(cat_id);


--
-- Name: employee fk_emp; Type: FK CONSTRAINT; Schema: public; Owner: fatimakahbi
--

ALTER TABLE ONLY public.employee
    ADD CONSTRAINT fk_emp FOREIGN KEY (role_id) REFERENCES public.role(role_id);


--
-- PostgreSQL database dump complete
--

