--
-- PostgreSQL database dump
--

-- Dumped from database version 11.5
-- Dumped by pg_dump version 11.5

SET statement_timeout = 0;
SET lock_timeout = 0;
SET idle_in_transaction_session_timeout = 0;
SET client_encoding = 'UTF8';
SET standard_conforming_strings = on;
SELECT pg_catalog.set_config('search_path', '', false);
SET check_function_bodies = false;
SET xmloption = content;
SET client_min_messages = warning;
SET row_security = off;

--
-- Name: price; Type: TYPE; Schema: public; Owner: fatimakahbi
--

CREATE TYPE public.price AS ENUM (
    'regular',
    'sale'
);


ALTER TYPE public.price OWNER TO fatimakahbi;

SET default_tablespace = '';

SET default_with_oids = false;

--
-- Name: tbl_cart; Type: TABLE; Schema: public; Owner: fatimakahbi
--

CREATE TABLE public.tbl_cart (
    id integer NOT NULL,
    shopper_id integer,
    inventory_id integer,
    grp_id integer
);


ALTER TABLE public.tbl_cart OWNER TO fatimakahbi;

--
-- Name: tbl_cart_id_seq; Type: SEQUENCE; Schema: public; Owner: fatimakahbi
--

CREATE SEQUENCE public.tbl_cart_id_seq
    AS integer
    START WITH 1
    INCREMENT BY 1
    NO MINVALUE
    NO MAXVALUE
    CACHE 1;


ALTER TABLE public.tbl_cart_id_seq OWNER TO fatimakahbi;

--
-- Name: tbl_cart_id_seq; Type: SEQUENCE OWNED BY; Schema: public; Owner: fatimakahbi
--

ALTER SEQUENCE public.tbl_cart_id_seq OWNED BY public.tbl_cart.id;


--
-- Name: tbl_category; Type: TABLE; Schema: public; Owner: fatimakahbi
--

CREATE TABLE public.tbl_category (
    id integer NOT NULL,
    category character varying(50),
    count integer
);


ALTER TABLE public.tbl_category OWNER TO fatimakahbi;

--
-- Name: tbl_category_id_seq; Type: SEQUENCE; Schema: public; Owner: fatimakahbi
--

CREATE SEQUENCE public.tbl_category_id_seq
    AS integer
    START WITH 1
    INCREMENT BY 1
    NO MINVALUE
    NO MAXVALUE
    CACHE 1;


ALTER TABLE public.tbl_category_id_seq OWNER TO fatimakahbi;

--
-- Name: tbl_category_id_seq; Type: SEQUENCE OWNED BY; Schema: public; Owner: fatimakahbi
--

ALTER SEQUENCE public.tbl_category_id_seq OWNED BY public.tbl_category.id;


--
-- Name: tbl_cost; Type: TABLE; Schema: public; Owner: fatimakahbi
--

CREATE TABLE public.tbl_cost (
    cost_id integer NOT NULL,
    stamp date,
    value double precision,
    ctype character varying(30)
);


ALTER TABLE public.tbl_cost OWNER TO fatimakahbi;

--
-- Name: tbl_cost_cost_id_seq; Type: SEQUENCE; Schema: public; Owner: fatimakahbi
--

CREATE SEQUENCE public.tbl_cost_cost_id_seq
    AS integer
    START WITH 1
    INCREMENT BY 1
    NO MINVALUE
    NO MAXVALUE
    CACHE 1;


ALTER TABLE public.tbl_cost_cost_id_seq OWNER TO fatimakahbi;

--
-- Name: tbl_cost_cost_id_seq; Type: SEQUENCE OWNED BY; Schema: public; Owner: fatimakahbi
--

ALTER SEQUENCE public.tbl_cost_cost_id_seq OWNED BY public.tbl_cost.cost_id;


--
-- Name: tbl_employee; Type: TABLE; Schema: public; Owner: fatimakahbi
--

CREATE TABLE public.tbl_employee (
    id integer NOT NULL,
    shift integer,
    role integer,
    task integer,
    lane integer,
    checkout_speed integer,
    stock_speed integer,
    unload_speed integer,
    hourly_wage integer,
    time_worked integer
);


ALTER TABLE public.tbl_employee OWNER TO fatimakahbi;

--
-- Name: tbl_employee_id_seq; Type: SEQUENCE; Schema: public; Owner: fatimakahbi
--

CREATE SEQUENCE public.tbl_employee_id_seq
    AS integer
    START WITH 1
    INCREMENT BY 1
    NO MINVALUE
    NO MAXVALUE
    CACHE 1;


ALTER TABLE public.tbl_employee_id_seq OWNER TO fatimakahbi;

--
-- Name: tbl_employee_id_seq; Type: SEQUENCE OWNED BY; Schema: public; Owner: fatimakahbi
--

ALTER SEQUENCE public.tbl_employee_id_seq OWNED BY public.tbl_employee.id;


--
-- Name: tbl_inventory; Type: TABLE; Schema: public; Owner: fatimakahbi
--

CREATE TABLE public.tbl_inventory (
    id integer NOT NULL,
    grp_id integer,
    cart_stock integer,
    shelved_stock integer,
    back_stock integer,
    pending_stock integer,
    available date,
    sell_by date
);


ALTER TABLE public.tbl_inventory OWNER TO fatimakahbi;

--
-- Name: tbl_inventory_id_seq; Type: SEQUENCE; Schema: public; Owner: fatimakahbi
--

CREATE SEQUENCE public.tbl_inventory_id_seq
    AS integer
    START WITH 1
    INCREMENT BY 1
    NO MINVALUE
    NO MAXVALUE
    CACHE 1;


ALTER TABLE public.tbl_inventory_id_seq OWNER TO fatimakahbi;

--
-- Name: tbl_inventory_id_seq; Type: SEQUENCE OWNED BY; Schema: public; Owner: fatimakahbi
--

ALTER SEQUENCE public.tbl_inventory_id_seq OWNED BY public.tbl_inventory.id;


--
-- Name: tbl_product; Type: TABLE; Schema: public; Owner: fatimakahbi
--

CREATE TABLE public.tbl_product (
    grp_id integer NOT NULL,
    brand character varying(200),
    name character varying(600),
    category integer,
    max_shelved_stock integer,
    max_back_stock integer,
    restock_threshold integer,
    regular_price real,
    sale_price real,
    price_status public.price,
    popularity real,
    popularity_delta real,
    lot_price real,
    lot_quantity integer,
    sublots integer,
    sublot_quantity integer,
    sell_by_days integer,
    order_threshold integer
);


ALTER TABLE public.tbl_product OWNER TO fatimakahbi;

--
-- Name: tbl_product_grp_id_seq; Type: SEQUENCE; Schema: public; Owner: fatimakahbi
--

CREATE SEQUENCE public.tbl_product_grp_id_seq
    AS integer
    START WITH 1
    INCREMENT BY 1
    NO MINVALUE
    NO MAXVALUE
    CACHE 1;


ALTER TABLE public.tbl_product_grp_id_seq OWNER TO fatimakahbi;

--
-- Name: tbl_product_grp_id_seq; Type: SEQUENCE OWNED BY; Schema: public; Owner: fatimakahbi
--

ALTER SEQUENCE public.tbl_product_grp_id_seq OWNED BY public.tbl_product.grp_id;


--
-- Name: tbl_qtime; Type: TABLE; Schema: public; Owner: fatimakahbi
--

CREATE TABLE public.tbl_qtime (
    id integer NOT NULL,
    lane integer,
    stamp timestamp without time zone,
    "time" integer
);


ALTER TABLE public.tbl_qtime OWNER TO fatimakahbi;

--
-- Name: tbl_qtime_id_seq; Type: SEQUENCE; Schema: public; Owner: fatimakahbi
--

CREATE SEQUENCE public.tbl_qtime_id_seq
    AS integer
    START WITH 1
    INCREMENT BY 1
    NO MINVALUE
    NO MAXVALUE
    CACHE 1;


ALTER TABLE public.tbl_qtime_id_seq OWNER TO fatimakahbi;

--
-- Name: tbl_qtime_id_seq; Type: SEQUENCE OWNED BY; Schema: public; Owner: fatimakahbi
--

ALTER SEQUENCE public.tbl_qtime_id_seq OWNED BY public.tbl_qtime.id;


--
-- Name: tbl_revenue; Type: TABLE; Schema: public; Owner: fatimakahbi
--

CREATE TABLE public.tbl_revenue (
    id integer NOT NULL,
    stamp timestamp without time zone,
    value double precision
);


ALTER TABLE public.tbl_revenue OWNER TO fatimakahbi;

--
-- Name: tbl_revenue_id_seq; Type: SEQUENCE; Schema: public; Owner: fatimakahbi
--

CREATE SEQUENCE public.tbl_revenue_id_seq
    AS integer
    START WITH 1
    INCREMENT BY 1
    NO MINVALUE
    NO MAXVALUE
    CACHE 1;


ALTER TABLE public.tbl_revenue_id_seq OWNER TO fatimakahbi;

--
-- Name: tbl_revenue_id_seq; Type: SEQUENCE OWNED BY; Schema: public; Owner: fatimakahbi
--

ALTER SEQUENCE public.tbl_revenue_id_seq OWNED BY public.tbl_revenue.id;


--
-- Name: tbl_schedule; Type: TABLE; Schema: public; Owner: fatimakahbi
--

CREATE TABLE public.tbl_schedule (
    id integer NOT NULL,
    employee_id integer,
    day integer,
    shift integer
);


ALTER TABLE public.tbl_schedule OWNER TO fatimakahbi;

--
-- Name: tbl_schedule_id_seq; Type: SEQUENCE; Schema: public; Owner: fatimakahbi
--

CREATE SEQUENCE public.tbl_schedule_id_seq
    AS integer
    START WITH 1
    INCREMENT BY 1
    NO MINVALUE
    NO MAXVALUE
    CACHE 1;


ALTER TABLE public.tbl_schedule_id_seq OWNER TO fatimakahbi;

--
-- Name: tbl_schedule_id_seq; Type: SEQUENCE OWNED BY; Schema: public; Owner: fatimakahbi
--

ALTER SEQUENCE public.tbl_schedule_id_seq OWNED BY public.tbl_schedule.id;


--
-- Name: tbl_shopper; Type: TABLE; Schema: public; Owner: fatimakahbi
--

CREATE TABLE public.tbl_shopper (
    id integer NOT NULL,
    start_min integer,
    browse_mins integer,
    quota integer,
    cart_count integer,
    lane integer,
    qtime integer,
    status integer,
    total double precision
);


ALTER TABLE public.tbl_shopper OWNER TO fatimakahbi;

--
-- Name: tbl_shopper_id_seq; Type: SEQUENCE; Schema: public; Owner: fatimakahbi
--

CREATE SEQUENCE public.tbl_shopper_id_seq
    AS integer
    START WITH 1
    INCREMENT BY 1
    NO MINVALUE
    NO MAXVALUE
    CACHE 1;


ALTER TABLE public.tbl_shopper_id_seq OWNER TO fatimakahbi;

--
-- Name: tbl_shopper_id_seq; Type: SEQUENCE OWNED BY; Schema: public; Owner: fatimakahbi
--

ALTER SEQUENCE public.tbl_shopper_id_seq OWNED BY public.tbl_shopper.id;


--
-- Name: tbl_sold; Type: TABLE; Schema: public; Owner: fatimakahbi
--

CREATE TABLE public.tbl_sold (
    id integer NOT NULL,
    grp_id integer,
    date date,
    sold integer
);


ALTER TABLE public.tbl_sold OWNER TO fatimakahbi;

--
-- Name: tbl_sold_id_seq; Type: SEQUENCE; Schema: public; Owner: fatimakahbi
--

CREATE SEQUENCE public.tbl_sold_id_seq
    AS integer
    START WITH 1
    INCREMENT BY 1
    NO MINVALUE
    NO MAXVALUE
    CACHE 1;


ALTER TABLE public.tbl_sold_id_seq OWNER TO fatimakahbi;

--
-- Name: tbl_sold_id_seq; Type: SEQUENCE OWNED BY; Schema: public; Owner: fatimakahbi
--

ALTER SEQUENCE public.tbl_sold_id_seq OWNED BY public.tbl_sold.id;


--
-- Name: tbl_cart id; Type: DEFAULT; Schema: public; Owner: fatimakahbi
--

ALTER TABLE ONLY public.tbl_cart ALTER COLUMN id SET DEFAULT nextval('public.tbl_cart_id_seq'::regclass);


--
-- Name: tbl_category id; Type: DEFAULT; Schema: public; Owner: fatimakahbi
--

ALTER TABLE ONLY public.tbl_category ALTER COLUMN id SET DEFAULT nextval('public.tbl_category_id_seq'::regclass);


--
-- Name: tbl_cost cost_id; Type: DEFAULT; Schema: public; Owner: fatimakahbi
--

ALTER TABLE ONLY public.tbl_cost ALTER COLUMN cost_id SET DEFAULT nextval('public.tbl_cost_cost_id_seq'::regclass);


--
-- Name: tbl_employee id; Type: DEFAULT; Schema: public; Owner: fatimakahbi
--

ALTER TABLE ONLY public.tbl_employee ALTER COLUMN id SET DEFAULT nextval('public.tbl_employee_id_seq'::regclass);


--
-- Name: tbl_inventory id; Type: DEFAULT; Schema: public; Owner: fatimakahbi
--

ALTER TABLE ONLY public.tbl_inventory ALTER COLUMN id SET DEFAULT nextval('public.tbl_inventory_id_seq'::regclass);


--
-- Name: tbl_product grp_id; Type: DEFAULT; Schema: public; Owner: fatimakahbi
--

ALTER TABLE ONLY public.tbl_product ALTER COLUMN grp_id SET DEFAULT nextval('public.tbl_product_grp_id_seq'::regclass);


--
-- Name: tbl_qtime id; Type: DEFAULT; Schema: public; Owner: fatimakahbi
--

ALTER TABLE ONLY public.tbl_qtime ALTER COLUMN id SET DEFAULT nextval('public.tbl_qtime_id_seq'::regclass);


--
-- Name: tbl_revenue id; Type: DEFAULT; Schema: public; Owner: fatimakahbi
--

ALTER TABLE ONLY public.tbl_revenue ALTER COLUMN id SET DEFAULT nextval('public.tbl_revenue_id_seq'::regclass);


--
-- Name: tbl_schedule id; Type: DEFAULT; Schema: public; Owner: fatimakahbi
--

ALTER TABLE ONLY public.tbl_schedule ALTER COLUMN id SET DEFAULT nextval('public.tbl_schedule_id_seq'::regclass);


--
-- Name: tbl_shopper id; Type: DEFAULT; Schema: public; Owner: fatimakahbi
--

ALTER TABLE ONLY public.tbl_shopper ALTER COLUMN id SET DEFAULT nextval('public.tbl_shopper_id_seq'::regclass);


--
-- Name: tbl_sold id; Type: DEFAULT; Schema: public; Owner: fatimakahbi
--

ALTER TABLE ONLY public.tbl_sold ALTER COLUMN id SET DEFAULT nextval('public.tbl_sold_id_seq'::regclass);


--
-- Data for Name: tbl_cart; Type: TABLE DATA; Schema: public; Owner: fatimakahbi
--

COPY public.tbl_cart (id, shopper_id, inventory_id, grp_id) FROM stdin;
\.


--
-- Data for Name: tbl_category; Type: TABLE DATA; Schema: public; Owner: fatimakahbi
--

COPY public.tbl_category (id, category, count) FROM stdin;
1	meat	4
2	produce	2
3	freezer	3
4	fridge	2
5	pantry	2
\.


--
-- Data for Name: tbl_cost; Type: TABLE DATA; Schema: public; Owner: fatimakahbi
--

COPY public.tbl_cost (cost_id, stamp, value, ctype) FROM stdin;
\.


--
-- Data for Name: tbl_employee; Type: TABLE DATA; Schema: public; Owner: fatimakahbi
--

COPY public.tbl_employee (id, shift, role, task, lane, checkout_speed, stock_speed, unload_speed, hourly_wage, time_worked) FROM stdin;
\.


--
-- Data for Name: tbl_inventory; Type: TABLE DATA; Schema: public; Owner: fatimakahbi
--

COPY public.tbl_inventory (id, grp_id, cart_stock, shelved_stock, back_stock, pending_stock, available, sell_by) FROM stdin;
1	1	0	100	0	0	2019-09-10	2019-09-30
2	1	0	40	60	0	2019-09-10	2019-09-30
3	1	0	0	100	0	2019-09-10	2019-09-30
4	1	0	13	0	0	2019-09-10	2019-09-30
5	2	0	10	0	0	2019-09-15	2019-10-09
6	2	0	0	25	0	2019-09-16	2019-10-10
7	4	0	8	0	0	2019-09-10	2019-10-10
8	4	0	2	8	0	2019-09-10	2019-10-10
9	3	0	0	50	0	2019-09-01	2019-09-14
10	3	0	0	50	0	2019-09-01	2019-09-15
11	3	0	0	50	0	2019-09-01	2019-09-18
12	5	0	0	50	0	2019-09-01	2019-09-12
13	3	0	48	0	0	2019-09-01	2019-09-10
\.


--
-- Data for Name: tbl_product; Type: TABLE DATA; Schema: public; Owner: fatimakahbi
--

COPY public.tbl_product (grp_id, brand, name, category, max_shelved_stock, max_back_stock, restock_threshold, regular_price, sale_price, price_status, popularity, popularity_delta, lot_price, lot_quantity, sublots, sublot_quantity, sell_by_days, order_threshold) FROM stdin;
1	pizza	frozen_1	1	\N	\N	\N	9.98999977	\N	\N	0.430000007	\N	\N	400	4	100	33	\N
2	meat	fridge_1	2	\N	\N	\N	12.9899998	\N	\N	0.649999976	\N	\N	100	4	25	23	\N
3	cheese wheel	fridge_2	2	\N	\N	\N	4.75	\N	\N	0.460000008	\N	\N	200	4	50	42	\N
4	yogurt	fridge_3	5	\N	\N	\N	3.28999996	\N	\N	0.289999992	\N	\N	40	4	10	30	\N
5	milk	fridge_4	2	\N	\N	\N	2.99000001	\N	\N	0.449999988	\N	\N	160	4	40	13	\N
6	special_yogurt	fridge_5	2	\N	\N	\N	4.5	\N	\N	0.109999999	\N	\N	800	4	200	30	\N
7	weird_cheese	fridge_6	2	\N	\N	\N	7.38999987	\N	\N	0.0900000036	\N	\N	100	4	25	40	\N
8	veggies	frozen_2	1	\N	\N	\N	2.99000001	\N	\N	0.289999992	\N	\N	200	4	50	80	\N
9	ice_cream	frozen_3	1	\N	\N	\N	3.99000001	\N	\N	0.330000013	\N	\N	100	4	25	40	\N
10	special_ice_cream	frozen_4	5	\N	\N	\N	4.48999977	\N	\N	0.119999997	\N	\N	40	4	10	40	\N
11	weird_veggies	frozen_5	1	\N	\N	\N	4.48999977	\N	\N	0.230000004	\N	\N	80	4	20	80	\N
12	cereal	pantry_1	3	\N	\N	\N	2.75	\N	\N	0.670000017	\N	\N	100	4	25	730	\N
13	honey	pantry_2	5	\N	\N	\N	2.28999996	\N	\N	0.99000001	\N	\N	40	4	10	730	\N
14	granola	pantry_4	3	\N	\N	\N	5.75	\N	\N	0.360000014	\N	\N	160	4	40	365	\N
15	canned_soup	pantry_5	3	\N	\N	\N	3.8900001	\N	\N	0.230000004	\N	\N	200	4	50	1460	\N
16	special_syrup	pantry_6	3	\N	\N	\N	4.88999987	\N	\N	0.129999995	\N	\N	100	4	25	365	\N
17	special_honey	pantry_7	4	\N	\N	\N	3.99000001	\N	\N	0.170000002	\N	\N	100	4	25	720	\N
18	weird_soup	pantry_8	5	\N	\N	\N	0.75	\N	\N	0.0599999987	\N	\N	40	4	10	115	\N
19	weird_cereal	pantry_9	4	\N	\N	\N	0.289999992	\N	\N	0.0299999993	\N	\N	40	4	10	420	\N
20	litter	pet_1	4	\N	\N	\N	33.3300018	\N	\N	0.209999993	\N	\N	20	2	10	800	\N
\.


--
-- Data for Name: tbl_qtime; Type: TABLE DATA; Schema: public; Owner: fatimakahbi
--

COPY public.tbl_qtime (id, lane, stamp, "time") FROM stdin;
\.


--
-- Data for Name: tbl_revenue; Type: TABLE DATA; Schema: public; Owner: fatimakahbi
--

COPY public.tbl_revenue (id, stamp, value) FROM stdin;
\.


--
-- Data for Name: tbl_schedule; Type: TABLE DATA; Schema: public; Owner: fatimakahbi
--

COPY public.tbl_schedule (id, employee_id, day, shift) FROM stdin;
\.


--
-- Data for Name: tbl_shopper; Type: TABLE DATA; Schema: public; Owner: fatimakahbi
--

COPY public.tbl_shopper (id, start_min, browse_mins, quota, cart_count, lane, qtime, status, total) FROM stdin;
\.


--
-- Data for Name: tbl_sold; Type: TABLE DATA; Schema: public; Owner: fatimakahbi
--

COPY public.tbl_sold (id, grp_id, date, sold) FROM stdin;
\.


--
-- Name: tbl_cart_id_seq; Type: SEQUENCE SET; Schema: public; Owner: fatimakahbi
--

SELECT pg_catalog.setval('public.tbl_cart_id_seq', 1, false);


--
-- Name: tbl_category_id_seq; Type: SEQUENCE SET; Schema: public; Owner: fatimakahbi
--

SELECT pg_catalog.setval('public.tbl_category_id_seq', 1, false);


--
-- Name: tbl_cost_cost_id_seq; Type: SEQUENCE SET; Schema: public; Owner: fatimakahbi
--

SELECT pg_catalog.setval('public.tbl_cost_cost_id_seq', 1, false);


--
-- Name: tbl_employee_id_seq; Type: SEQUENCE SET; Schema: public; Owner: fatimakahbi
--

SELECT pg_catalog.setval('public.tbl_employee_id_seq', 1, false);


--
-- Name: tbl_inventory_id_seq; Type: SEQUENCE SET; Schema: public; Owner: fatimakahbi
--

SELECT pg_catalog.setval('public.tbl_inventory_id_seq', 14, false);


--
-- Name: tbl_product_grp_id_seq; Type: SEQUENCE SET; Schema: public; Owner: fatimakahbi
--

SELECT pg_catalog.setval('public.tbl_product_grp_id_seq', 1, false);


--
-- Name: tbl_qtime_id_seq; Type: SEQUENCE SET; Schema: public; Owner: fatimakahbi
--

SELECT pg_catalog.setval('public.tbl_qtime_id_seq', 1, false);


--
-- Name: tbl_revenue_id_seq; Type: SEQUENCE SET; Schema: public; Owner: fatimakahbi
--

SELECT pg_catalog.setval('public.tbl_revenue_id_seq', 1, false);


--
-- Name: tbl_schedule_id_seq; Type: SEQUENCE SET; Schema: public; Owner: fatimakahbi
--

SELECT pg_catalog.setval('public.tbl_schedule_id_seq', 1, false);


--
-- Name: tbl_shopper_id_seq; Type: SEQUENCE SET; Schema: public; Owner: fatimakahbi
--

SELECT pg_catalog.setval('public.tbl_shopper_id_seq', 1, false);


--
-- Name: tbl_sold_id_seq; Type: SEQUENCE SET; Schema: public; Owner: fatimakahbi
--

SELECT pg_catalog.setval('public.tbl_sold_id_seq', 1, false);


--
-- Name: tbl_cart tbl_cart_pkey; Type: CONSTRAINT; Schema: public; Owner: fatimakahbi
--

ALTER TABLE ONLY public.tbl_cart
    ADD CONSTRAINT tbl_cart_pkey PRIMARY KEY (id);


--
-- Name: tbl_category tbl_category_pkey; Type: CONSTRAINT; Schema: public; Owner: fatimakahbi
--

ALTER TABLE ONLY public.tbl_category
    ADD CONSTRAINT tbl_category_pkey PRIMARY KEY (id);


--
-- Name: tbl_cost tbl_cost_pkey; Type: CONSTRAINT; Schema: public; Owner: fatimakahbi
--

ALTER TABLE ONLY public.tbl_cost
    ADD CONSTRAINT tbl_cost_pkey PRIMARY KEY (cost_id);


--
-- Name: tbl_employee tbl_employee_pkey; Type: CONSTRAINT; Schema: public; Owner: fatimakahbi
--

ALTER TABLE ONLY public.tbl_employee
    ADD CONSTRAINT tbl_employee_pkey PRIMARY KEY (id);


--
-- Name: tbl_inventory tbl_inventory_pkey; Type: CONSTRAINT; Schema: public; Owner: fatimakahbi
--

ALTER TABLE ONLY public.tbl_inventory
    ADD CONSTRAINT tbl_inventory_pkey PRIMARY KEY (id);


--
-- Name: tbl_product tbl_product_pkey; Type: CONSTRAINT; Schema: public; Owner: fatimakahbi
--

ALTER TABLE ONLY public.tbl_product
    ADD CONSTRAINT tbl_product_pkey PRIMARY KEY (grp_id);


--
-- Name: tbl_qtime tbl_qtime_pkey; Type: CONSTRAINT; Schema: public; Owner: fatimakahbi
--

ALTER TABLE ONLY public.tbl_qtime
    ADD CONSTRAINT tbl_qtime_pkey PRIMARY KEY (id);


--
-- Name: tbl_revenue tbl_revenue_pkey; Type: CONSTRAINT; Schema: public; Owner: fatimakahbi
--

ALTER TABLE ONLY public.tbl_revenue
    ADD CONSTRAINT tbl_revenue_pkey PRIMARY KEY (id);


--
-- Name: tbl_schedule tbl_schedule_pkey; Type: CONSTRAINT; Schema: public; Owner: fatimakahbi
--

ALTER TABLE ONLY public.tbl_schedule
    ADD CONSTRAINT tbl_schedule_pkey PRIMARY KEY (id);


--
-- Name: tbl_shopper tbl_shopper_pkey; Type: CONSTRAINT; Schema: public; Owner: fatimakahbi
--

ALTER TABLE ONLY public.tbl_shopper
    ADD CONSTRAINT tbl_shopper_pkey PRIMARY KEY (id);


--
-- Name: tbl_sold tbl_sold_pkey; Type: CONSTRAINT; Schema: public; Owner: fatimakahbi
--

ALTER TABLE ONLY public.tbl_sold
    ADD CONSTRAINT tbl_sold_pkey PRIMARY KEY (id);


--
-- Name: tbl_cart fk1_cart; Type: FK CONSTRAINT; Schema: public; Owner: fatimakahbi
--

ALTER TABLE ONLY public.tbl_cart
    ADD CONSTRAINT fk1_cart FOREIGN KEY (shopper_id) REFERENCES public.tbl_shopper(id);


--
-- Name: tbl_inventory fk1_inv; Type: FK CONSTRAINT; Schema: public; Owner: fatimakahbi
--

ALTER TABLE ONLY public.tbl_inventory
    ADD CONSTRAINT fk1_inv FOREIGN KEY (grp_id) REFERENCES public.tbl_product(grp_id);


--
-- Name: tbl_product fk1_prod; Type: FK CONSTRAINT; Schema: public; Owner: fatimakahbi
--

ALTER TABLE ONLY public.tbl_product
    ADD CONSTRAINT fk1_prod FOREIGN KEY (category) REFERENCES public.tbl_category(id);


--
-- Name: tbl_sold fk1_sold; Type: FK CONSTRAINT; Schema: public; Owner: fatimakahbi
--

ALTER TABLE ONLY public.tbl_sold
    ADD CONSTRAINT fk1_sold FOREIGN KEY (grp_id) REFERENCES public.tbl_product(grp_id);


--
-- Name: tbl_cart fk2_cart; Type: FK CONSTRAINT; Schema: public; Owner: fatimakahbi
--

ALTER TABLE ONLY public.tbl_cart
    ADD CONSTRAINT fk2_cart FOREIGN KEY (inventory_id) REFERENCES public.tbl_inventory(id);


--
-- PostgreSQL database dump complete
--

